ID,German_Word,Plural_Form,English_Translation,Word_Type,Gender,Example_Sentence_DE,Example_Sentence_EN
1,die Ansage,-n,announcement,Noun,f,Hören Sie auf die Ansagen.,Listen to the announcements.
2,der Anschluss,,connection,Noun,m,In Mannheim haben Sie Anschluss nach Saarbrücken.,In Mannheim you have a connection to Saarbrücken.
3,der Anschluss,,connection,Noun,m,Ist das die Anmeldung für einen Telefonanschluss?,Is that the application for a telephone connection?
4,an sein,,to be (switched) on,Verb,,Heute Nacht war das Licht an.,The light was on tonight.
5,antworten,,to answer,Verb,,Er antwortet nicht.,He isn’t answering.
6,die Antwort,-en,answer,Noun,f,Er gibt leider keine Antwort.,Unfortunately he isn't giving an answer.
7,die Anzeige,-n,advert,Noun,f,Ich habe Ihre Anzeige in der Zeitung gelesen.,I read your advert in the newspaper.
8,(sich) anziehen,,to get dressed,Verb,,Ich muss mich noch anziehen.,I still need to get dressed.
9,das Apartment,-s,apartment,Noun,n,Wir haben ein Apartment gemietet.,We rented an apartment.
10,der Apfel,-Ä,apple,Noun,m,Ein Pfund Äpfel bitte.,"One pound of apples, please."
11,der Appetit,,…,Noun,m,Guten Appetit!,Bon appetit!
12,arbeiten,,to work,Verb,,Wo arbeiten Sie?,Where do you work?
13,die Arbeit,-en,work,Noun,f,Mein Bruder sucht Arbeit.,My brother is looking for work.
14,arbeitslos,,unemployed,Verb,,"Es gibt bei uns viele Leute, die schon lange arbeitslos sind.",We have a lot of people who have been unemployed for a long time.
15,der Arbeitsplatz,"-ä, e",workplace,Noun,m,An meinem Arbeitsplatz fehlt ein Drucker.,There is no printer at my workplace.
16,der Arm,-e,arm,Noun,m,Mein Arm tut weh.,My arm hurts.
17,der Arzt,"-Ä, e",doctor,Noun,m,Morgen habe ich einen Termin bei meiner Ärztin.,Tomorrow I have an appointment with my doctor.
18,auch,,also,Verb,,Ich bin auch Spanier.,I am also Spanish.
19,auf,,on,Verb,,Die Kinder spielen auf der Straße.,The children play on the street.
20,auf,,until,Verb,,Auf Wiedersehen.,goodbye (in person)
21,auf,,in,Verb,,Wie heißt das auf Deutsch?,What’s that called in German?
22,die Aufgabe,-n,task,Noun,f,Das ist eine schwere Aufgabe.,That is a difficult task.
23,aufhören,,to end,Verb,,Der Kurs hört in einer Woche auf.,The course ends in a week.
24,aufhören,,to end,Verb,,Hier hört die Bahnhofstraße auf.,Bahnhofstraße ends here.
25,auf sein,,to be open,Verb,,Du brauchst den Schlüssel nicht. Die Wohnung ist auf.,You don’t need the key. The flat is open.
26,aufstehen,,to get up,Verb,,Ich muss immer um vier Uhr aufstehen.,I always need to get up at 4 am.
27,aufstehen,,to get up,Verb,,Soll ich aufstehen?,Should I get up?
28,der Aufzug,"-ü, e",lift,Noun,m,In diesem Haus gibt es keinen Aufzug.,There is no lift in this building.
29,das Auge,-n,eye,Noun,n,Er hat blaue Augen.,He has blue eyes.
30,aus,,from,Verb,,Er kommt aus Brasilien.,He comes from Brazil.
31,der Ausflug,,excursion,Noun,m,Morgen machen wir einen Ausflug nach Heidelberg.,Tomorrow we are going on an excursion to Heidelberg.
32,ausfüllen,,to fill out,Verb,,Füllen Sie bitte dieses Formular aus.,Please fill out this form.
33,der Ausgang,,exit,Noun,m,Wo ist der Ausgang?,Where is the exit?
34,die Auskunft,"-ü, e",information/details,Noun,f,Können Sie mir eine Auskunft geben?,Can you give me some information?
35,das Ausland,,abroad/overseas,Noun,n,Fahren Sie ins Ausland?,Do you travel abroad?
36,der Ausländer,-,foreigner,Noun,m,Sind Sie Ausländerin?,Are you a foreigner?
37,ausländisch,,foreign,Verb,,Leider habe ich nur ausländisches Geld.,Unfortunately I only have foreign money.
38,ausmachen,,to switch off,Verb,,Mach bitte das Licht aus!,Please switch off the light!
39,die Aussage,-n,statement,Noun,f,Ist die Aussage richtig oder falsch?,Is the statement true or false?
40,aussehen,,to look,Verb,,Das sieht schön aus.,That looks beautiful.
41,aus sein,,to be (switched) off,Verb,,Das Licht ist aus.,The light is off.
42,aus sein,,to be out,Verb,,Die Schule ist aus.,School is out.
43,aussteigen,,to alight,Verb,,Wo muss ich aussteigen?,Where do I need to alight?
44,der Ausweis,,identity card,Noun,m,Hier ist mein Ausweis.,Here is my identity card.
45,ausziehen,,to take off,Verb,,"Zieh die Schuhe aus, bitte!",Please take off your shoes!
46,sich ausziehen,,to get undressed,Verb,,Ich ziehe mich aus.,I get undressed.
47,das Auto,-s,car,Noun,n,Er kommt mit dem Auto.,He’s coming by car.
48,die Autobahn,-en,motorway,Noun,f,Wo geht‘s hier bitte zur Autobahn?,How do I get to the motorway?
49,der Automat,,machine,Noun,m,Die Fahrkarten gibt es nur am Automaten.,Tickets are only available from the machine.
50,automatisch,,automatic,Verb,,Du musst nichts machen. Das geht automatisch.,You don’t need to do anything. It's automatic.
51,das Baby,-s,baby,Noun,n,Mein Kind ist noch ein Baby.,My child is still a baby.
52,die Bäckerei,,bakery,Noun,f,Ich geh mal schnell zur Bäckerei.,I’m just popping to the bakery.
53,das Bad,,bathroom,Noun,n,Wir haben kein großes Bad.,We don’t have a large bathroom.
54,baden,,to bathe,Verb,,"Ich bade nicht so gern, ich dusche lieber.","I don’t like bathing so much, I prefer to shower."
55,die Bahn,,train,Noun,f,Wir fahren lieber mit der Bahn.,We prefer to travel by train.
56,die Bahn,,train,Noun,f,Ich nehme die nächste Bahn.,I’ll take the next train.
57,der Bahnhof,,train station,Noun,m,Komme ich hier zum Bahnhof?,Is this the way to the train station?
58,der Bahnsteig,,platform,Noun,m,Auf welchem Bahnsteig fährt der Zug?,From which platform does the train depart?
59,bald,,soon,Verb,,Ich komme bald.,I’m coming soon.
60,der Balkon,,balcony,Noun,m,Die Wohnung hat auch einen kleinen Balkon.,The flat also has a small balcony.
61,die Banane,-n,banana,Noun,f,"Drei Bananen, bitte!","Three bananas, please!"
62,die Bank,,bank,Noun,f,Die Bank schließt schon um vier Uhr.,The bank closes at 4 pm already.
63,die Bank,,bench,Noun,f,Er sitzt im Park auf einer Bank und liest.,He’s sits in the park on a bench and reads.
64,bar,,cash,Verb,,Muss ich bar zahlen oder geht‘s auch mit Karte?,"Do I have to pay in cash, or can I also pay by card?"
65,der Bauch,,stomach,Noun,m,Seit gestern tut mir der Bauch weh.,My stomach has been hurting since yesterday.
66,der Baum,"-ä, e",tree,Noun,m,"Vorsicht, fahr nicht an den Baum!","Careful, don’t drive into the tree!"
67,der Beamte,-n,official,Noun,m,Fragen Sie die Beamtin an Schalter acht!,Ask the official at counter eight!
68,bedeuten,,to mean,Verb,,Was bedeutet das Wort?,What does that word mean?
69,beginnen,,to begin,Verb,,Das Spiel beginnt um 15.30 Uhr.,The game begins at 3:30 pm.
70,bei,,next to,Verb,,Offenbach liegt bei Frankfurt.,Offenbach is next to Frankfurt.
71,bei,,at,Verb,,Ich wohne bei meinen Eltern.,I live at my parents’ place.
72,bei uns,,here / where we are,Verb,,Bei uns regnet es heute.,It is raining here today.
73,bei,,for,Verb,,Er arbeitet bei der Polizei.,He works for the police.
74,beide,,both,Verb,,Beide Eltern arbeiten.,Both parents work.
75,beide,,both,Verb,,Wir kommen beide.,We are both coming.
76,das Bein,-e,leg,Noun,n,Mein rechtes Bein tut weh.,My right leg hurts.
77,das Beispiel,-e,example,Noun,n,Kannst du mir ein Beispiel sagen?,Can you give me an example?
78,zum Beispiel/z. B.,,for example,Verb,,"Viele meiner Verwandten, z. B. meine beiden Brüder, arbeiten auch hier.","Many of my relatives, for example, both of my brothers, also work here."
79,bekannt,,well known,Verb,,Picasso ist sehr bekannt.,Picasso is very well known.
80,der/die Bekannte,-n,acquaintance,Verb,,Ein Bekannter von mir heißt Klaus.,An acquaintance of mine is called Klaus.
81,bekommen,,to receive,Verb,,Haben Sie meinen Brief bekommen?,Did you receive my letter?
82,bekommen,,to have,Verb,,Was bekommen Sie?,What will you have?
83,bekommen,,to get,Verb,,Dieses Medikament bekommen Sie in der Apotheke.,You can get this medicine in a pharmacy.
84,benutzen,,to use,Verb,,Die Aufzüge bitte nicht benutzen!,Please don’t use the lifts!
85,der Beruf,-e,profession,Noun,m,Was sind Sie von Beruf?,What is your profession?
86,der Beruf,-e,occupation,Noun,m,Was ist Ihr Beruf?,What is your occupation?
87,besetzt,,busy,Verb,,Die Nummer ist immer besetzt.,The number is always busy.
88,besetzt,,taken,Verb,,Der Platz ist besetzt.,The seat is taken.
89,besichtigen,,to visit,Verb,,Ich möchte gern den Dom besichtigen.,I would like to visit the cathedral.
90,besser,,better,Verb,,Es geht mir schon besser.,I'm already feeling better.
91,best-,,best,Verb,,Am besten treffen wir uns morgen.,It's best that we meet tomorrow.
92,bestellen,,to order,Verb,,"Wir möchten bestellen, bitte.","We would like to order, please."
93,bestellen,,to order,Verb,,Dieses Buch haben wir nicht – sollen wir es für Sie bestellen?,"We don’t have this book, should we order it for you?"
94,besuchen,,to visit,Verb,,Darf ich dich besuchen?,May I visit you?
95,das Bett,-en,bed,Noun,n,Wir brauchen noch ein Kinderbett.,We need another children’s bed.
96,bezahlen,,to pay,Verb,,Wo muss ich bezahlen?,Where do I need to pay?
97,das Bier,,beer,Noun,n,Noch ein Bier bitte.,"Another beer, please."
98,das Bild,-er,picture,Noun,n,Hast du ein Bild von deinem Sohn?,Do you have a picture of your son?
99,billig,,cheap,Verb,,Die Jacke kostet nur 10 Euro! Die ist aber billig!,The jacket only costs 10 euros! That’s cheap!
100,die Birne,-n,pear,Noun,f,"Ein Kilo Birnen, bitte!","One kilogram of pears, please!"
101,bis,,to (as far as),Verb,,Ich fahre nur bis Stuttgart.,I’m only travelling to Stuttgart.
102,bis,,until,Verb,,Ich warte bis morgen.,I will wait until tomorrow.
103,bisschen,,(a) little,Verb,,"Ich spreche Englisch, Französisch und ein bisschen Deutsch.","I speak English, French, and a little German."
104,bitte,,please,Verb,,"Eine Tasse Kaffee, bitte!","A cup of coffee, please!"
105,bitte,,please,Verb,,Sprechen Sie bitte leise!,Please speak softly!
106,die Bitte,-n,request,Noun,f,Ich habe noch eine Bitte.,I have one more request.
107,bitten,,to ask,Verb,,Darf ich Sie um etwas bitten?,May I ask something of you?
108,bitter,,bitter,Verb,,Der Kaffee schmeckt bitter.,The coffee tastes bitter.
109,bleiben,,to stay,Verb,,Ich bleibe heute zu Hause.,I'm staying home today.
110,bleiben,,to stay,Verb,,Wir bleiben nur bis morgen.,We are only staying until tomorrow.
111,der Bleistift,-e,pencil,Noun,m,Hast du einen Bleistift?,Do you have a pencil?
112,der Blick,,view,Noun,m,Von diesem Hotel hat man einen guten Blick auf den Rhein.,From this hotel you have a good view of the Rhine.
113,die Blume,-n,flower,Noun,f,Gefallen dir die Blumen?,Do you like the flowers?
114,der Bogen,,sheet,Noun,m,Schreiben Sie Ihre Lösungen bitte auf den Antwortbogen.,Write your solutions on the answer sheet.
115,böse,,angry,Verb,,Sie ist böse auf mich.,She is angry with me.
116,brauchen,,to need,Verb,,Brauchst du die Zeitung noch?,Do you still need the newspaper?
117,breit,,wide,Verb,,Wie breit ist der Schrank?,How wide is the cupboard?
118,der Brief,-e,letter,Noun,m,Haben Sie einen Brief für mich?,Do you have a letter for me?
119,die Briefmarke,-n,(postage) stamp,Noun,f,Kaufst du bitte Briefmarken bei der Post.,Could you please buy stamps at the post office.
120,bringen,,to bring,Verb,,Bringen Sie mir bitte noch einen Kaffee!,Please bring me another coffee!
121,bringen,,to take,Verb,,Wir müssen ihn zum Arzt bringen.,We need to take him to the doctor.
122,das Brot,-e,bread,Noun,n,Haben Sie auch Weißbrot?,"Do you have white bread, too?"
123,das Brot,-e,bread roll,Noun,n,Nimm noch ein paar Brote für die Fahrt mit.,Take another couple of bread rolls for the journey.
124,das Brötchen,–,bread roll,Noun,n,Möchtest du Brötchen zum Frühstück?,Would you like bread rolls for breakfast?
125,der Bruder,-ü,brother,Noun,m,Sein Bruder arbeitet auch hier.,His brother also works here.
126,das Buch,"-ü, er",book,Noun,n,Gute Bücher sind oft sehr teuer.,Good books are often very expensive.
127,das Wörterbuch,"-ü, er",dictionary,Noun,n,In diesem Wörterbuch finden Sie mehr als 20.000 Wörter.,"You will find more than 20,000 words in this dictionary."
128,der Buchstabe,-n,letter (character),Noun,m,Diesen Buchstaben gibt es in meiner Sprache nicht.,We don't have this letter in my language.
129,buchstabieren,,to spell,Verb,,Bitte buchstabieren Sie Ihren Namen.,Please spell your name.
130,der Bus,-se,bus,Noun,m,Wann kommt der nächste Bus?,When does the next bus arrive?
131,die Butter,,butter,Noun,f,Für mich bitte ein Brötchen mit Butter und Käse.,"A bread roll with butter and cheese for me, please."
132,das Café,-s,cafe,Noun,n,Sollen wir uns im Café treffen?,Should we meet at the cafe?
133,die CD,-s,CD,Noun,f,Bring bitte deine Lieblings-CD mit.,Please bring your favourite CD with you.
134,der Chef,,boss,Noun,m,Wir haben eine neue Chefin.,We have a new boss.
135,circa/ca.,,approximately,Verb,,Von Mainz nach Frankfurt sind es circa fünfzig Kilometer.,From Mainz to Frankfurt it is approximately 50 kilometres.
136,der Computer,–,computer,Noun,m,Wann bekommst du deinen neuen Computer?,When are you getting your new computer?
137,da,,there,Verb,,Da hinten ist er ja.,He’s back there.
138,da,,here,Verb,,Wir sprechen gerade über Paul. Da kommt er ja gerade.,We are talking about Paul. Here he comes now.
139,da,,there,Verb,,Ich nehme das da.,I’ll take that there.
140,da,,here,Verb,,Ist Herr Klein schon da?,Is Mr Klein already here?
141,die Dame,-n,lady,Noun,f,Damen (an der Toilette),Ladies (toilet sign)
142,die Dame,-n,lady,Noun,f,Sehr geehrte Damen und Herren!,Ladies and gentlemen!
143,daneben,,next to it,Verb,,Du kennst doch die Post. Daneben ist die Bank.,You do know the post office. The bank is next to it.
144,danken,,to thank,Verb,,Ich danke Ihnen für die Einladung.,I thank you for the invitation.
145,der Dank,,thanks,Noun,m,Vielen Dank!,Many thanks!
146,der Dank,,thanks,Noun,m,Herzlichen Dank!,Thank you very much!
147,danke,,thank you,Verb,,"Soll ich Ihnen helfen? / Nein, danke!",Can I help you? / No thank you!
148,dann,,then (afterwards),Verb,,"Ich muss noch schnell zur Post, dann komme ich.","I still need to pop to the post office, then I’ll come."
149,das Datum,,date,Noun,n,Bitte schreiben Sie noch das Datum auf das Formular.,Please write the date on the form.
150,dauern,,to take (duration),Verb,,Wie lange dauert der Film?,How long is the film?
151,dein-,,your,Verb,,Ist das dein Auto?,Is that your car?
152,dein-,,yourself,Verb,,Ist das deins?,Is that yours?
153,denn,,because,Verb,,"Ich kann nicht kommen, denn ich bin krank.",I can’t come because I’m ill.
154,das,,that,Verb,,Ich nehme das da.,I’ll take that there.
155,das,,the,Verb,,Ich mag das Buch.,I like the book.
156,der,,the,Verb,,"Hier ist der Brief, den du suchst.",Here is the letter that you’re looking for.
157,die,,the,Verb,,Die Fahrkarte bekommst du am Bahnhof.,You will get the ticket at the train station.
158,dich,,you,Verb,,Die Blumen sind für dich.,The flowers are for you.
159,dies-,,this,Verb,,Ich nehme lieber diesen Kuchen.,I’d prefer to have this cake.
160,dir,,you,Verb,,Gefallen dir die Blumen?,Do you like the flowers?
161,die Disco,,disco,Noun,f,Heute abend gehen wir in die Disco tanzen.,This evening we’re going dancing in the disco.
162,der Doktor,,doctor,Noun,m,Meine Tochter ist krank. Wir gehen zum Doktor.,My daughter is sick. We are going to the doctor.
163,das Doppelzimmer,,double room,Noun,n,Wollen Sie ein Doppelzimmer oder ein Einzelzimmer?,Would you like a double room or a single room?
164,das Dorf,"-ö, er",village,Noun,n,Meine Familie lebt in einem Dorf.,My family lives in a village.
165,dort,,there,Verb,,Dort ist mein Zimmer.,There's my room.
166,dorthin,,"there (to that place, in that direction)",Verb,,Deine Tasche kannst du dorthin stellen.,You can put your bag there.
167,dorther,,from there,Verb,,Er kommt gerade dorther.,He's just coming from there.
168,draußen,,outside,Verb,,Wollen wir draußen sitzen?,Shall we sit outside?
169,drucken,,to print,Verb,,Bitte drucke das Formular für mich.,Please print the form for me.
170,der Drucker,–,printer,Noun,m,Mein Drucker ist kaputt.,My printer is broken.
171,drücken,,to press,Verb,,"Drück hier, dann geht der Computer an.","Press here, then the computer turns on."
172,durch,,through,Verb,,Am besten gehen Sie durch die Breite Straße.,It's best to go through Breite Straße.
173,die Durchsage,-n,announcement,Noun,f,Ich habe die Durchsage nicht verstanden.,I didn’t understand the announcement.
174,dürfen,,to be allowed,Verb,,Sie dürfen hier nicht rauchen.,You are not allowed to smoke here.
175,dürfen,,to be allowed,Verb,,Darf ich Sie zu einem Kaffee einladen?,May I invite you for a coffee?
176,dürfen,,to be allowed,Verb,,Es darf nicht mehr als 15 Euro kosten.,It may not cost more than 15 euros.
177,der Durst,,thirst,Noun,m,Hast du etwas zu trinken? Ich habe großen Durst.,Do you have anything to drink? I’m very thirsty.
178,(sich) duschen,,to shower,Verb,,"Ich bade nicht so gern, ich dusche lieber.","I don’t like bathing so much, I prefer to shower."
179,die Dusche,,shower,Noun,f,Unsere Wohnung hat nur eine Dusche.,Our flat only has a shower.
180,die Ecke,-n,corner,Noun,f,An der nächsten Ecke links.,Left at the next corner.
181,die Ehefrau,-en/,wife,Noun,f,Das ist meine (Ehe-) Frau.,That is my wife.
182,der Ehemann,"ä, er",husband,Noun,m,Das ist mein (Ehe-) Mann.,That is my husband.
183,das Ei,-er,egg,Noun,n,Möchtest du ein Ei zum Frühstück?,Would you like an egg for breakfast?
184,eilig,,…,Verb,,Hast du es eilig?,Are you in a hurry?
185,ein-,,one / a,Verb,,Ich nehme ein Bier. Willst du auch eins?,"I’ll have a beer. Do you want one, too?"
186,ein-,,someone,Verb,,"Ist hier einer, der das kann?",Is there someone here who can do that?
187,einfach,,simple,Verb,,Die Prüfung ist ganz einfach.,The test is very simple.
188,einfach,,a single (ticket),Verb,,"Hin und zurück? / Nein, bitte nur einfach.","Return? / No, just a single, please."
189,einfach,,simple,Verb,,Ich brauche nur ein einfaches Zimmer.,I just need a simple room.
190,der Eingang,,entrance,Noun,m,Der Eingang ist um die Ecke.,The entrance is round the corner.
191,einkaufen,,to go shopping,Verb,,Ich muss noch für morgen einkaufen.,I still need to go shopping for tomorrow.
192,einladen,,to invite / treat,Verb,,Darf ich Sie zu einem Kaffee einladen?,May I treat you to a coffee?
193,die Einladung,,invitation,Noun,f,Danke für die Einladung!,Thank you for the invitation!
194,noch einmal,,again,Verb,,Diese Prüfung mache ich nicht noch einmal.,I will not take this exam again.
195,einmal,,once,Verb,,Sie dürfen diese Prüfung nur einmal machen.,You may only take this exam once.
196,einsteigen,,to get on (board),Verb,,"Schnell, steig ein, der Zug fährt gleich.","Quick, get on, the train is about to leave!"
197,der Eintritt,,entry,Noun,m,Der Preis für den Eintritt ist 5 Euro.,The price for entry is 5 euros.
198,das Einzelzimmer,,single room,Noun,n,Haben Sie noch ein Einzelzimmer?,Do you have another single room?
199,die Eltern (pl.),,parents,Noun,f,Meine Eltern leben in Spanien.,My parents live in spain.
200,die E-Mail,-s,email,Noun,f,Ich habe Ihre E-Mail nicht bekommen.,I didn’t receive your email.
201,der Empfänger,–,recipient,Noun,m,"Auf dem Brief steht dein Name, also bist du der Empfänger.","Your name is on the letter, therefore you are the recipient."
202,empfehlen,,to recommend,Verb,,Welchen Wein können Sie mir empfehlen?,Which wine can you recommend to me?
203,enden,,to end,Verb,,Die Straße endet hier.,The street ends here.
204,das Ende,,end,Noun,n,Sie wohnt am Ende der Straße.,She lives at the end of the street.
205,das Ende,,end,Noun,n,Er bekommt sein Geld am Ende des Monats.,He gets his money at the end of the month.
206,entschuldigen,,to excuse,Verb,,Entschuldigen Sie bitte!,"Excuse me, please!"
207,die Entschuldigung,,…,Noun,f,Entschuldigung! / Bitte.,Excuse me! / Sure.
208,er,,he,Verb,,Er heißt Ali.,He’s called Ali.
209,das Ergebnis,-se,result,Noun,n,Das Ergebnis des Tests bekommen Sie in zwei Wochen.,You will receive the test results in two weeks.
210,erklären,,to explain,Verb,,Kannst du mir das erklären?,Can you explain that to me?
211,erlauben,,allow,Verb,,Rauchen ist hier nicht erlaubt.,Smoking is not allowed here.
212,der Erwachsene,-n,adult,Noun,m,Dieser Film ist nur für Erwachsene.,This film is for adults only.
213,erzählen,,to tell,Verb,,Wir müssen euch etwas erzählen!,We need to tell you something!
214,es,,it,Verb,,Es regnet.,It’s raining.
215,essen,,to eat,Verb,,Was gibt es zu essen?,What is there to eat?
216,das Essen,,food,Noun,n,Das Essen ist heute sehr gut.,The food is very good today.
217,euer,,your [pl.],Verb,,Euer Kurs beginnt heute.,Your course begins today.
218,fahren,,to travel,Verb,,Ich fahre mit dem Auto zur Arbeit.,I go to work by car.
219,der Fahrer,,driver,Noun,m,Bitte nicht mit dem Fahrer sprechen!,Please do not speak to the driver!
220,die Fahrkarte,-n,(transport) ticket,Noun,f,Hast du schon eine Fahrkarte?,Do you already have a ticket?
221,das Fahrrad,"-ä, er",bicycle,Noun,n,Fährst du mit dem Fahrrad oder mit dem Auto?,Do you travel by bike or by car?
222,falsch,,wrong / incorrect,Verb,,Das ist falsch.,That is wrong.
223,die Familie,-n,family,Noun,f,Meine Familie lebt in Spanien.,My family lives in Spain.
224,der Familienname,,surname,Noun,m,Meine Familiennamen sind García González.,My surname is García González.
225,der Familienstand,,family/marital status,Noun,m,Bei „Familienstand“ musst du „ledig“ ankreuzen.,Under “family status” you have to tick “single”.
226,die Farbe,-n,colour,Noun,f,Die Farbe gefällt mir gut.,I like the colour.
227,das Fax,-e,fax,Noun,n,Schicken Sie uns einfach ein Fax!,Just send us a fax!
228,der Feierabend,,end of work/home time,Noun,m,Wir machen jetzt Feierabend.,We are calling it a day now. / We are finishing work for the day now.
229,der Feiertag,,bank holiday,Noun,m,Am Montag ist Feiertag.,Monday is a bank holiday.
230,feiern,,to celebrate,Verb,,Wir feiern heute meinen Geburtstag.,Today we are celebrating my birthday.
231,fehlen,,to be absent,Verb,,"Herr Müller ist nicht da, er fehlt schon seit drei Tagen.","Mr Müller is not here, he’s been absent for three days."
232,fehlen,,to be missing,Verb,,Was fehlt Ihnen?,What are you missing?
233,der Fehler,–,mistake,Noun,m,Diesen Fehler mache ich immer.,I always make this mistake.
234,fernsehen,,to watch TV,Verb,,Wollen wir heute Abend mal fernsehen?,Shall we watch TV this evening?
235,fertig,,finished / ready / done,Verb,,Bist du fertig?,Are you done?
236,fertig,,finished / ready / done,Verb,,Ist mein Auto schon fertig?,Is my car already finished?
237,das Feuer,,fire / lighter,Noun,n,Haben Sie Feuer?,Do you have a light?
238,das Fieber,,fever,Noun,n,Mein Mann hat noch immer Fieber.,My husband still has a fever.
239,der Film,-e,film,Noun,m,Ich möchte gern diesen Film sehen.,I would like to see this film.
240,finden,,to find,Verb,,Wir müssen den Schlüssel finden.,We must find the key.
241,die Firma,,company,Noun,f,Er arbeitet jetzt bei einer anderen Firma.,He works for another company now.
242,der Fisch,-e,fish,Noun,m,Ich esse gern Fisch. Fleisch mag ich nicht.,I like to eat fish. I don’t like meat.
243,die Flasche,-n,bottle,Noun,f,"Eine Flasche Bier, bitte.","A bottle of beer, please."
244,das Fleisch,,meat,Noun,n,Fleisch mag ich nicht.,I don’t like meat.
245,fliegen,,to fly,Verb,,Ich fliege nicht gern. Deshalb fahre ich mit dem Zug.,I don’t like to fly. That's why I travel by train.
246,abfliegen,,to depart (by air),Verb,,Wann fliegst du ab?,When do you depart?
247,der Abflug,,(flight) departure,Noun,m,Der Abflug ist um 11.20 Uhr.,Departure is at 11:20 am.
248,der Flughafen,,airport,Noun,m,Kannst du mich zum Flughafen bringen?,Can you take me to the airport?
249,das Flugzeug,,aeroplane,Noun,n,Das Flugzeug aus Berlin kommt heute später an.,The plane from Berlin will arrive later today.
250,das Formular,-e,form,Noun,n,Sie müssen dieses Formular ausfüllen.,You must fill out this form.
251,das Foto,-s,photograph,Noun,n,Darf ich ein Foto machen?,May I take a photo?
252,fragen,,to ask,Verb,,Er möchte Sie etwas fragen. Wann kommen Sie?,He wants to ask you something. When are you coming?
253,die Frage,-n,question,Noun,f,Ich habe eine Frage.,I have a question.
254,die Frau,,Ms,Noun,f,Das ist Frau Becker.,That is Ms Becker.
255,die Frau,,woman,Noun,f,Die Frau da drüben ist Eva Schmitt.,The woman over there is Eva Schmitt.
256,die Frauen,,women,Noun,f,Hier arbeiten mehr Frauen als Männer.,More women work here than men.
257,frei,,free,Verb,,Ist der Platz noch frei?,Is this seat still free?
258,die Freizeit,,free time,Noun,f,In meiner Freizeit spiele ich oft Fußball.,I often play football in my free time.
259,fremd,,foreign,Verb,,"Das weiß ich nicht, ich bin fremd hier.","I don’t know, I’m not from here."
260,(sich) freuen,,to look forward,Verb,,Ich freue mich auf den Urlaub.,I’m looking forward to the holiday.
261,der Freund,-e,friend,Noun,m,Das ist ein Freund von mir.,That is a friend of mine.
262,die Freundin,,friend / girlfriend,Noun,f,Das ist meine Freundin.,That is my friend/girlfriend.
263,früher,,earlier / in the past,Verb,,Früher waren wir oft zusammen im Kino.,In the past we often went to the cinema together.
264,frühstücken,,to have breakfast,Verb,,Am Sonntag frühstücke ich gern im Bett.,On Sunday I like to have breakfast in bed.
265,das Frühstück,,breakfast,Noun,n,Möchtest du ein Ei zum Frühstück?,Would you like an egg for breakfast?
266,die Führung,,tour,Noun,f,Die Führung durch das Haus beginnt in 3 Minuten.,The tour of the house begins in 3 minutes.
267,für,,for,Verb,,Das ist für Sie.,That's for you.
268,für,,for,Verb,,Das ist der Schlüssel für die Haustür.,That's the key for the front door.
269,für,,for,Verb,,Das ist das Brot für morgen.,That's the bread for tomorrow.
270,der Fuß,"-ü, e",foot,Noun,m,Der linke Fuß tut mir weh.,My left foot hurts.
271,der Fußball,,football,Noun,m,Spielt ihr gerne Fußball?,Do you like playing football?
272,der Garten,,garden,Noun,m,Wir haben leider keinen Garten.,Unfortunately we don't have a garden.
273,der Gast,"-ä, e",guest,Noun,m,Am Wochenende haben wir mehrere Gäste.,At the weekend we have several guests.
274,geben,,to give,Verb,,Kannst du mir bitte deinen Kugelschreiber geben?,"Can you give me your pen, please?"
275,es gibt,,there is/are,Verb,,Es gibt keine Karten mehr.,There are no more tickets.
276,geboren,,born,Verb,,Ich bin in Zagreb geboren.,I was born in Zagreb.
277,das Geburtsjahr,,birth year,Noun,n,"Das Geburtsjahr Ihres Sohnes, bitte?","Your son's year of birth, please?"
278,der Geburtsort,,birthplace,Noun,m,Bitte schreiben Sie Ihren Geburtsort auf das Formular.,Please write your birthplace on the form.
279,der Geburtstag,,birthday,Noun,m,Herzlichen Glückwunsch zum Geburtstag!,Best wishes on your birthday!
280,gefallen,,to like,Verb,,Das gefällt mir.,I like that.
281,gegen,,into,Verb,,Fahr nicht gegen den Baum!,Don’t drive into the tree!
282,gegen,,against,Verb,,Ich bin gegen diese Lösung.,I am against this solution.
283,gegen,,against,Verb,,Wer spielt gegen wen?,Who is playing against whom?
284,gehen,,to work/function,Verb,,"Ich weiß nicht, wie das geht.",I don’t know how it works./I don't know how to do that.
285,gehen,,to go,Verb,,Wie geht's?,How is it going?
286,gehen,,to go,Verb,,Jetzt muss ich (aber) leider gehen.,Unfortunately I need to go now.
287,gehen,,to go,Verb,,Ich muss zum Arzt gehen.,I need to go to the doctor.
288,gehen,,to be okay,Verb,,Das geht nicht!,That’s not okay!
289,gehören,,to belong,Verb,,Wem gehört das?,To whom does that belong?
290,das Geld,,money,Noun,n,Hast du noch Geld?,Do you still have money?
291,das Gemüse,,vegetables,Noun,n,Gemüse brauchen wir auch noch.,We also need vegetables.
292,das Gepäck,,luggage,Noun,n,Wollen Sie Ihr Gepäck mitnehmen?,Do you want to take your luggage with you?
293,gerade,,now,Verb,,Da kommt er ja gerade.,There he comes now.
294,geradeaus,,straight on,Verb,,Gehen Sie immer geradeaus!,Keep going straight on!
295,gern(e),,…,Verb,,Ich gehe gerne einkaufen.,I like to go shopping.
296,das Geschäft,-e,shop,Noun,n,Die Geschäfte schließen um 18.30 Uhr.,The shops close at 6:30 pm.
297,das Geschenk,-e,present,Noun,n,Danke für das schöne Geschenk.,Thank you for the beautiful present.
298,die Geschwister (pl.),,sibling,Noun,f,Ich habe leider keine Geschwister.,Unfortunately I have no siblings.
299,das Gespräch,-e,conversation/talk/call,Noun,n,Das Gespräch mit Frau Kunz ist um 14 Uhr.,The conversation with Ms Kunz is at 2 pm.
300,gestern,,yesterday,Verb,,Gestern war ich krank.,Yesterday I was ill.
301,gestorben,,died,Verb,,Meine Frau ist gestern gestorben.,My wife died yesterday.
302,das Getränk,-e,drink,Noun,n,Mein Lieblingsgetränk ist Tomatensaft.,My favourite drink is tomato juice.
303,das Gewicht,,weight,Noun,n,Bei „Gewicht“ schreibst du: 62 Kilo.,"For “weight”, write 62 kg."
304,gewinnen,,to win,Verb,,Wer gewinnt das Spiel?,Who is winning the game?
305,das Glas,"-ä, er",glass,Noun,n,Bitte noch ein Glas Wein!,"Another glass of wine, please!"
306,das Glas,"-ä, er",glasses,Noun,n,Wir brauchen noch drei Gläser.,We need three more glasses.
307,glauben,,to believe,Verb,,"Sie können mir glauben, es ist so.","You can believe me, it’s true."
308,glauben,,to think,Verb,,"Ich glaube, er kommt gleich.",I think he’ll be here in a moment.
309,gleich,,same,Verb,,Das ist mir gleich.,It’s all the same to me.
310,gleich,,same,Verb,,Das ist der gleiche Preis.,That is the same price.
311,gleich,,now,Verb,,Ich komme gleich.,I’ll be right there.
312,das Gleis,-e,platform,Noun,n,Der ICE nach Berlin hält heute an Gleis 12.,The ICE to Berlin is stopping on platform 12 today.
313,das Glück,,luck,Noun,n,Viel Glück!,Good luck!
314,glücklich,,happily,Verb,,Meine Kinder sind glücklich verheiratet.,My children are happily married.
315,der Glückwunsch,,congratulations,Noun,m,Herzlichen Glückwunsch zum Geburtstag.,Best wishes on your birthday!
316,Grad (Celsius),,degrees,Verb,,Heute haben wir dreißig Grad.,Today it is thirty degrees.
317,gratulieren,,to congratulate,Verb,,Ich gratuliere dir!,I congratulate you!
318,grillen,,to (have a) barbecue,Verb,,Heute grillen wir im Garten.,Today we are having a barbecue in the garden.
319,groß,,tall,Verb,,Mein Bruder und ich sind gleich groß.,My brother and I are the same height.
320,groß,,large,Verb,,Frankfurt ist eine große Stadt.,Frankfurt is a large town.
321,die Größe,,size,Noun,f,Haben Sie das auch in Größe 40?,Do you also have that in size 40?
322,die Großeltern (pl.),,grandparents,Noun,f,Meine Großeltern leben in Japan.,My grandparents live in Japan.
323,die Großmutter,,grandmother,Noun,f,Meine Großmutter heißt Eva.,My grandmother is called Eva.
324,der Großvater,,grandfather,Noun,m,Mein Großvater ist schon 80.,My grandfather is already 80.
325,die Gruppe,-n,group,Noun,f,Die erste Gruppe beginnt um 16 Uhr.,The first group begins at 4 pm.
326,der Gruß,"-ü, e",regards,Noun,m,Viele Grüße an Ihre Frau.,Give my regards to your wife.
327,der Gruß,"-ü, e",regards,Noun,m,Mit freundlichen Grüßen,Kind regards.
328,gültig,,valid,Verb,,Der Pass ist nicht mehr gültig.,The passport is no longer valid.
329,günstig,,cheap,Verb,,Dort gibt es günstige Angebote.,There are cheap offers there.
330,gut,,good,Verb,,Das finde ich gut.,I think that’s good.
331,gut,,good,Verb,,Ich komme um 13 Uhr. / Gut!,I will arrive at 1 pm. / Good!
332,gut,,good,Verb,,Guten Morgen!,Good morning!
333,gut,,…,Verb,,Ein gutes neues Jahr!,Happy new year!
334,gut,,…,Verb,,Guten Appetit!,Bon appetit!
335,das Haar,-e,hair,Noun,n,Sie hat lange Haare.,She has long hair.
336,haben,,to have,Verb,,Ich habe ein neues Auto.,I have a new car.
337,das Hähnchen,-,chicken,Noun,n,Ein Hähnchen mit Pommes bitte!,"Chicken with chips, please!"
338,die Halbpension,,board (dining),Noun,f,Möchten Sie Vollpension oder Halbpension?,Would you like full or half-board?
339,die Halle,,hall,Noun,f,Wir treffen uns in Halle B.,We will meet in hall B.
340,hallo,,hello,Verb,,Hallo Inge! Wie geht’s?,Hello Inge! How’s it going?
341,halten,,to stop,Verb,,Dieser Zug hält nicht in Rüdesheim.,This train does not stop in Rüdesheim.
342,die Haltestelle,,(public transport) stop,Noun,f,An der nächsten Haltestelle müssen Sie aussteigen.,At the next stop you must alight.
343,die Hand,"-ä, e",hand,Noun,f,Er gibt mir die Hand.,He gives me his hand.
344,das Handy,-s,mobile telephone,Noun,n,In der Schule bitte die Handys ausmachen!,Please turn off your mobile phones in school!
345,das Haus,"-ä, er",house / building,Noun,n,In welchem Haus wohnst du?,Which house do you live in?
346,das Haus,"-ä, er",home,Noun,n,Ich gehe jetzt nach Hause.,I’m going home now.
347,das Haus,"-ä, er",home,Noun,n,Paul ist nicht zu Hause.,Paul is not home.
348,die Hausaufgabe,-n,homework,Noun,f,Kannst du mir bei den Hausaufgaben helfen?,Can you help me with the homework?
349,die Hausfrau,-en/,housewife,Noun,f,"Die Hausfrau wäscht, kocht und kauft ein.","The housewife washes, cooks, and goes shopping."
350,der Hausmann,,househusband,Noun,m,"Der Hausmann wäscht, kocht und kauft ein.","The househusband washes, cooks, and goes shopping."
351,die Heimat,,home,Noun,f,Ich komme aus der Schweiz. Das ist meine Heimat.,I come from Switzerland. It’s my home.
352,heiraten,,to marry,Verb,,Meine Schwester heiratet einen Japaner.,My sister is marrying a Japanese man.
353,heißen,,to be called,Verb,,Ich heiße Charlotte Meier.,I’m called Charlotte Meier.
354,heißen,,to be called,Verb,,Wie heißt das auf Deutsch?,What’s that called in German?
355,helfen,,to help,Verb,,"Können Sie mir helfen, bitte?","Can you help me, please?"
356,hell,,light,Verb,,Im Sommer ist es bis 21 Uhr hell.,In summer it is light until 9 pm.
357,der Herd,,stove,Noun,m,In der neuen Küche fehlt noch der Herd.,The stove is still missing from the new kitchen.
358,der Herr,-en,Mister,Noun,m,"Guten Tag, Herr Sommer!","Good day, Mr Sommer!"
359,herzlich,,…,Verb,,Herzlichen Glückwunsch!,Congratulations!
360,heute,,today,Verb,,Heute ist ein schöner Tag.,Today is a beautiful day.
361,hier,,here,Verb,,"Hier ist 06131-553221, Pamela Linke.","This is 06131-553221, Pamela Linke."
362,hier,,here,Verb,,Hier wohne ich.,I live here.
363,die Hilfe,,help,Noun,f,Hilfe! Bitte helfen Sie mir!,Help! Please help me!
364,die Hilfe,,help,Noun,f,Brauchen Sie meine Hilfe?,Do you need my help?
365,hinten,,at/in the back,Verb,,Die Tür zum Aussteigen ist hinten.,The exit door is at the back.
366,das Hobby,-s,hobby,Noun,n,Meine Hobbys sind Wandern und Schwimmen.,My hobbies are hiking and swimming.
367,hoch,,high,Verb,,Der Mount Everest ist 8.880 Meter hoch.,"Mount Everest is 8,880 metres high."
368,die Hochzeit,,marriage,Noun,f,Zur dieser Hochzeit kommen mehr als fünfzig Gäste.,More than fifty guests are coming to this wedding.
369,holen,,to fetch,Verb,,Ich hole zwei Flaschen Wasser aus der Küche.,I’m fetching two bottles of water from the kitchen.
370,hören,,to listen,Verb,,Hör mal! Was ist das?,Listen! What is that?
371,hören,,to hear,Verb,,Ich habe das Lied schon mal gehört.,I have already heard that song.
372,das Hotel,-s,hotel,Noun,n,Im Urlaub sind wir in einem Hotel am Meer.,On holiday we are in a hotel by the sea.
373,der Hund,-e,dog,Noun,m,Der Hund ist noch jung.,The dog is still young.
374,der Hunger,,hunger,Noun,m,Ich habe Hunger! Wann ist das Essen fertig?,I’m hungry! When will the food be ready?
375,ich,,I,Verb,,Ich heiße Veronika.,I’m called Veronika.
376,ihm/ihr,,him/her,Verb,,Gib ihm/ihr bitte das Buch.,Please give the book to him/her.
377,ihn,,him,Verb,,Ruf ihn bitte an.,"Call him, please."
378,immer,,always,Verb,,Frau Bast kommt immer zu spät.,Ms Bast is always late.
379,in,,in,Verb,,Ich wohne in Wiesbaden.,I live in Wiesbaden.
380,in,,in,Verb,,Der Zug kommt in fünf Minuten.,The train comes in five minutes.
381,in,,in,Verb,,Frau Rausch arbeitet in einem Geschäft.,Ms Rausch works in a shop.
382,in,,to,Verb,,"Komm, wir gehen ins Kino.","Come on, we’re going to the cinema."
383,die Information,-en,information point,Noun,f,"Wenn Sie Fragen haben, gehen Sie zur Information.","If you have questions, go to the information point."
384,die Information,-en,information,Noun,f,Wir haben hier wichtige Informationen für Sie.,We have important information for you.
385,international,,international,Verb,,"Unser Deutschkurs ist international: Silvana kommt aus Italien, Conchi aus Spanien, Yin aus China ...","Our German course is international: Silvana comes from Italy, Conchi from Spain, Yin from China, …"
386,das Internet,,internet,Noun,n,Das findest du im Internet.,You will find that on the internet.
387,ja,,yes,Verb,,Sind Sie Herr Watanabe? / Ja.,Are you Mr Watanabe? / Yes.
388,die Jacke,-n,jacket,Noun,f,Zieh dir eine Jacke an. Es ist kalt.,Put your jacket on. It’s cold.
389,jed-,,every,Verb,,Blumen kannst du in jedem Bahnhof kaufen.,You can buy flowers at every station.
390,jetzt,,now,Verb,,Jetzt machen wir eine Pause.,Now we will take a break.
391,der Job,-s,job,Noun,m,Jenny hat einen neuen Job bei der Post.,Jenny has a new job at the post office.
392,der Jugendliche,-n,youth/young person,Noun,m,Viele Jugendliche kaufen gern ein.,Many youths like shopping.
393,jung,,young,Verb,,Claudia ist 21. / Was? Noch so jung?,Claudia is 21. / What? Still so young?
394,der Junge,-n,boy,Noun,m,Ich habe zwei Kinder. Einen Jungen und ein Mädchen.,I have two children. One boy and one girl.
395,der Kaffee,,coffee,Noun,m,Zum Frühstück trinke ich immer Kaffee.,For breakfast I always drink coffee.
396,kaputt,,…,Verb,,Das Glas war teuer. Es geht sehr leicht kaputt.,The glass was expensive. It will break very easily.
397,kaputt,,broken,Verb,,Das Glas ist kaputt.,The glass is broken.
398,die Karte,-n,card,Noun,f,Ich schreibe meinen Bekannten eine Karte aus dem Urlaub.,I’ll write my acquaintances a card from holiday.
399,die Karte,-n,card,Noun,f,Wollen wir Karten spielen?,Shall we play cards?
400,die Karte,-n,menu,Noun,f,"Ich möchte auch etwas essen. Bringen Sie mir die Karte, bitte.",I also want to eat something. Please bring me the menu.
401,(Kredit)-Karte,-n,(credit) card,Verb,,Kann ich auch mit Karte (be-) zahlen?,Can I also pay by card?
402,die Kartoffel,-n,potato,Noun,f,Für Pommes frites braucht man Kartoffeln.,For chips you need potatoes.
403,die Kasse,,till,Noun,f,Zahlen Sie bitte an der Kasse.,Please pay at the till.
404,kaufen,,to buy,Verb,,Tim kauft sich ein neues Auto.,Tim buys himself a new car.
405,kein,,no/none,Verb,,Es gibt keine Eintrittskarten mehr.,There are no more tickets.
406,kennen,,to know,Verb,,"Kennen Sie diese Frau? / Nein, leider nicht.","Do you know this woman? / No, unfortunately not."
407,kennenlernen,,to get to know,Verb,,Wir sind neu hier. Wir möchten Sie kennenlernen.,We are new here. We would like to get to know you.
408,das Kind,-er,child,Noun,n,Wie viele Kinder haben Sie?,How many children do you have?
409,der Kindergarten,,kindergarten,Noun,m,Die kleine Laura geht schon in den Kindergarten.,Little Laura is already going to kindergarten.
410,das Kino,-s,cinema,Noun,n,Wir sehen heute Abend im Kino einen schönen Film.,We’re watching a lovely film this evening.
411,der Kiosk,,kiosk,Noun,m,"Am Kiosk bekommen Sie Getränke, Zigaretten und Zeitungen.","At the kiosk you can get drinks, cigarettes, and newspapers."
412,klar,,of course / naturally,Verb,,Kommst du mit? / Klar!,Are you coming with us? / Of course!
413,die Klasse,,class,Noun,f,In unserer Klasse sind fünfundzwanzig Schüler.,In our class there are twenty five pupils.
414,die Klasse,,class,Noun,f,Im Zug fahre ich immer 2. Klasse.,On the train I always travel in second class.
415,die Kleidung,,clothes,Noun,f,"Wo finde ich Kleidung? / Jacken im ersten, Jeans im zweiten Stock.","Where can I find clothes? / Jackets on the first floor, jeans on the second."
416,klein,,small,Verb,,Eltville ist eine kleine Stadt am Rhein.,Eltwille is a small town on the Rhine.
417,kochen,,to cook,Verb,,Herr Georgi kann gut kochen.,Mr Georgi is good at cooking.
418,der Koffer,–,suitcase,Noun,m,Ist das Ihr Koffer?,Is that your suitcase?
419,der Kollege,-n,colleague,Noun,m,Wie heißt die neue Kollegin?,What’s the new colleague called?
420,kommen,,to come,Verb,,Woher kommen Sie? / Aus Frankreich.,Where do you come from? / From France.
421,kommen,,to come,Verb,,Kommst du mit ins Schwimmbad?,Are you coming with us to the pool?
422,können,,to be able to,Verb,,Ich kann Deutsch und Russisch.,I can speak German and Russian.
423,können,,to be able to,Verb,,Können Sie mir helfen?,Can you help me?
424,das Konto,,account,Noun,n,Das Geld überweisen wir am ersten März auf Ihr Konto.,We will transfer the money to your account on the first of March.
425,der Kopf,,head,Noun,m,Mein Kopf tut weh!,My head hurts!
426,kosten,,to cost,Verb,,Wie viel kostet das? / 10 Euro.,How much does that cost? / 10 euros.
427,krank,,ill,Verb,,"Ich kann heute nicht zur Arbeit kommen, ich bin krank und liege im Bett.","I can’t come to work today, I’m ill in bed."
428,kriegen,,to get,Verb,,Ich kriege 15 Euro in der Stunde für meine Arbeit.,I get 15 euros an hour for my work.
429,die Küche,,kitchen,Noun,f,Der neue Herd kommt in die Küche.,The new stove goes in the kitchen.
430,der Kuchen,,cake,Noun,m,Ich nehme ein Stück Kuchen.,I’ll have a piece of cake.
431,der Kugelschreiber,,ball-point pen,Noun,m,Hast du einen Kugelschreiber für mich?,Do you have a pen I can borrow?
432,der Kühlschrank,,fridge,Noun,m,"Haben wir noch Milch? / Ja, im Kühlschrank.","Do we still have milk? / Yes, in the fridge."
433,kulturell interessiert,,interested in culture,Verb,,Ich bin kulturell interessiert. Ich gehe oft ins Museum.,I am interested in culture. I often go to the museum.
434,kulturell,,cultural,Verb,,Die Geschichte ist kulturell wichtig.,History is culturally important.
435,sich kümmern,,to look after,Verb,,Jede Mutter kümmert sich um ihre kleinen Kinder.,Every mother looks after her little children.
436,der Kunde,-n,customer,Noun,m,"Einen Moment, bitte. Ich habe eine Kundin.","One moment, please. I have a customer."
437,der Kurs,-e,course,Noun,m,Der Deutschkurs geht bis zum Sommer.,The German course runs until summer.
438,kurz,,short,Verb,,Ricardo hat kurzes Haar.,Ricardo has short hair.
439,lachen,,to laugh,Verb,,Die Kinder lachen viel.,The children laugh a lot.
440,der Laden,-ä,shop,Noun,m,Im Buchladen können Sie Bücher kaufen.,In the bookshop you can buy books.
441,das Land,"-ä, er",country,Noun,n,Italien ist ein schönes Land.,Italy is a beautiful country.
442,lang,,long,Verb,,Die Jeans ist zu lang.,The jeans are too long.
443,lange,,long,Verb,,Wie lange fährt der Zug von Hamburg nach Berlin?,How long is the train journey from Hamburg to Berlin?
444,langsam,,slow,Verb,,Könnten Sie bitte etwas langsamer sprechen?,Can you please speak a little slower?
445,laufen,,to walk/run,Verb,,"Ich möchte nicht Auto fahren, ich möchte laufen.","I don’t want to go by car, I want to walk."
446,laut,,loud,Verb,,Nicht so laut! Das Baby schläft.,Not so loud! The baby is sleeping.
447,leben,,to live,Verb,,Sie lebt bei ihrer Schwester.,She lives at her sister‘s.
448,leben,,to live,Verb,,Ihre Eltern leben nicht mehr.,Her parents are no longer alive.
449,das Leben,,life,Noun,n,Das Leben in diesem Land ist teuer.,Life in this country is expensive.
450,die Lebensmittel (pl.),,food,Noun,f,Lebensmittel bekommen Sie im Supermarkt.,You can get food from the supermarket.
451,ledig,,single,Verb,,Sind Sie verheiratet? / Nein. Ledig.,Are you married? / No. Single.
452,legen,,to put,Verb,,Legen Sie das Buch auf den Tisch.,Put the book on the table.
453,der Lehrer,–,teacher,Noun,m,Unsere Deutschlehrerin heißt Frau Müller.,Our German teacher is called Ms Müller.
454,leicht,,light (weight),Verb,,Der Koffer ist leicht.,The suitcase is light.
455,leicht,,easy,Verb,,Deutsch ist nicht leicht.,German is not easy.
456,leider,,unfortunately,Verb,,Leider kann ich nicht kommen. Ich muss zum Arzt.,Unfortunately I can’t come. I need to go to the doctor.
457,leise,,quiet,Verb,,Seid leise. Die anderen schlafen schon.,Be quiet. The others are already asleep.
458,lernen,,to learn,Verb,,Wie lange lernen Sie schon Deutsch?,How long have you been learning German?
459,lesen,,to read,Verb,,Ich lese ein Buch von García Márquez.,I’m reading a book by García Márquez.
460,letzt-,,last,Verb,,Morgen ist der letzte Kurstag.,Tomorrow is the last day of the course.
461,die Leute (pl.),,people,Noun,f,In der Disko sind viele Leute.,There are a lot of people at the disco.
462,das Licht,,light,Noun,n,Wo macht man hier das Licht an?,Where do you switch on the light here?
463,lieb-,,dear,Verb,,"Liebe Susanne, lieber Hans,","Dear Susanne, dear Hans,"
464,lieben,,to love,Verb,,Ich liebe dich!,I love you!
465,lieber,,to prefer,Verb,,Sie fährt lieber mit der Bahn.,She prefers to travel by train.
466,Lieblings-,,favourite,Adjective,,Mein Lieblingsfilm ist „Schwarze Augen“.,My favourite film is “Dark Eyes”.
467,das Lied,-er,song,Noun,n,Welches ist dein Lieblingslied?,Which is your favourite song?
468,liegen,,to lie,Verb,,Um neun Uhr liegt Judith noch im Bett.,At 9 am Judith is still (lying) in bed.
469,liegen,,to lie / be located,Verb,,Frankfurt liegt am Main.,Frankfurt lies on the Main.
470,links,,left,Verb,,Gehen Sie die nächste Straße links.,Go down the next street on the left.
471,der Lkw,-s,HGV,Noun,m,Dieser Lastkraftwagen ist sehr groß.,That heavy goods vehicle is very large.
472,das Lokal,,pub,Noun,n,In unserer Straße gibt es ein neues Lokal.,There is a new pub on our street.
473,die Lösung,-en,solution,Noun,f,Die Lösung ist ganz einfach.,The solution is quite simple.
474,lustig,,funny,Verb,,Frau Mertens ist lustig. Sie lacht immer.,Ms Mertens is funny. She is always laughing.
475,machen,,to do,Verb,,Was machst du heute Abend?,What are you doing this evening?
476,machen,,to make,Verb,,Ich muss jetzt das Essen machen.,I need to make the food now.
477,machen,,to come to,Verb,,Das macht 5 Euro 95.,That comes to 5 euros 95.
478,machen,,…,Verb,,Das macht nichts.,It doesn't matter.
479,das Mädchen,–,girl,Noun,n,Familie Kurz bekommt ein Baby. / Junge oder Mädchen?,The Kurz family are expecting a new baby. / Boy or girl?
480,man,,one / impersonal ‘you’,Verb,,Hier darf man nicht rauchen.,You may not smoke here.
481,der Mann,"-ä, er",man / husband,Noun,m,Mein Mann arbeitet bei der Polizei.,My husband works for the police.
482,männlich,,male,Verb,,Kreuzen Sie bitte an: „weiblich“ oder „männlich“.,Please tick “female” or “male”.
483,die Maschine,-n,machine,Noun,f,Die Waschmaschine ist günstig.,The washing machine is cheap.
484,das Meer,,sea,Noun,n,Wir machen Urlaub am Meer.,We are holidaying by the sea.
485,mehr,,more,Verb,,Dieses Auto kostet 1.000 Euro mehr als das andere.,This car costs 1000 euros more than the other.
486,mein,,my,Verb,,Mein Vater ist Arzt.,My father is a doctor.
487,meist-,,most,Verb,,Die meisten Norddeutschen sind sehr groß.,Most northern Germans are very tall.
488,der Mensch,-en,people,Noun,m,Die Menschen sind hier anders als bei uns.,The people here are different than at home.
489,mieten,,to rent,Verb,,Ich möchte ein Auto mieten.,I would like to rent a car.
490,die Miete,,rent,Noun,f,Die Miete für diese Wohnung ist 600 Euro.,The rent for this flat is 600 euros.
491,die Milch,,milk,Noun,f,Die Milch steht im Kühlschrank.,The milk is in the fridge.
492,mit,,with,Verb,,Trinken Sie den Kaffee mit Milch?,Do you take milk with your coffee?
493,mitbringen,,to bring with one / to get (sth. for sb.),Verb,,Ich gehe einkaufen. Soll ich dir was mitbringen?,I’m going shopping. Should I get you anything?
494,mitkommen,,to come with,Verb,,Ich gehe ins Kino. Kommst du mit?,I’m going to the cinema. Are you coming with me?
495,mitmachen,,to join in,Verb,,Warum macht ihr nicht mit?,Why don‘t you join in?
496,mitnehmen,,to take with,Verb,,Nehmen wir meine Schwester ins Kino mit?,Are we taking my sister with us to the cinema?
497,die Mitte,,middle,Noun,f,Der Lehrer steht in der Mitte des Klassenzimmers.,The teacher stands in the middle of the classroom.
498,die Möbel (pl.),,furniture,Noun,f,Sind die Möbel neu?,Is the furniture new?
499,möchten,,would like to,Verb,,Was möchten Sie trinken?,What would you like to drink?
500,mögen,,to like,Verb,,Magst du Kaffee oder Tee?,Do you like coffee or tea?
501,möglich,,possible,Verb,,Mit dieser Fahrkarte ist die Fahrt ab 9 Uhr möglich.,"With this ticket, it is possible to travel after 9 am."
502,der Moment,,moment,Noun,m,Moment mal bitte!,"Just a moment, please!"
503,der Moment,,moment,Noun,m,Einen Moment bitte.,"One moment, please."
504,morgen,,tomorrow,Verb,,Morgen beginnt die Schule um 10 Uhr.,Tomorrow school begins at 10 am.
505,müde,,tired,Verb,,Ich bin müde. Ich gehe schlafen.,I’m tired. I’m going to sleep.
506,der Mund,,mouth,Noun,m,Öffnen Sie den Mund.,Open your mouth.
507,müssen,,to have to,Verb,,Ich muss jeden Tag von 8 Uhr bis 18 Uhr arbeiten.,I have to work from 8 am to 6 pm every day.
508,die Mutter,-ü,mother,Noun,f,Frau Berghäuser ist die Mutter von Michaela.,Ms Berghäuser is the mother of Michaela.
509,nach,,to (somewhere),Verb,,Ich gehe jetzt nach Hause.,I’m going home now.
510,nach,,to (somewhere),Verb,,Ich fliege nach München.,I’m flying to Munich.
511,nach,,after / past (time),Verb,,Es ist schon 5 nach 12.,It is already 5 past 12.
512,nächst-,,next,Verb,,Sehen wir uns nächste Woche?,Are we seeing each other next week?
513,der Name,-n,name,Noun,m,Mein Name ist Thomas Schmidt.,My name is Thomas Schmidt.
514,der Name,-n,name,Noun,m,"Mein Vorname ist Thomas, Schmidt ist der Familienname.","My first name is Thomas, Schmidt is the surname."
515,nehmen,,to have (food/drink),Verb,,Heute gibt es Hähnchen. Das nehme ich.,There is chicken today. I’ll have that.
516,nehmen,,to take,Verb,,Ich nehme den Bus.,I take the bus.
517,nein,,no,Verb,,"Fährst du auch nach München? / Nein, ich habe keine Zeit.","Are you also travelling to Munich? / No, I don‘t have time."
518,neu,,new,Verb,,Ich bin der neue Kollege.,I am the new colleague.
519,neu,,new,Verb,,Wir haben eine neue Wohnung.,We have a new flat.
520,nicht,,not,Verb,,Das stimmt nicht.,That’s not right.
521,nicht,,no,Verb,,"Das ist doch schön, nicht?","That’s really beautiful, no?"
522,nichts,,…,Verb,,Das macht nichts.,"It's okay, don't worry."
523,nichts,,nothing,Verb,,Hier kaufe ich nichts. Der Laden gefällt mir nicht.,I won’t buy anything here. I don’t like the shop.
524,nie,,never,Verb,,Er kommt nie pünktlich.,He is never on time.
525,noch,,still,Verb,,Vielleicht kommt er noch.,Perhaps he will still come.
526,noch,,another,Verb,,Wir warten noch fünf Minuten.,We will wait another five minutes.
527,noch,,still,Verb,,Ich habe noch 20 Euro.,I still have 20 euros.
528,normal,,normal,Verb,,75 kg. Sein Gewicht ist normal.,75 kg. His weight is normal.
529,die Nummer,-n,number,Noun,f,Welche Hausnummer haben Sie?,Which house number is yours?
530,die Nummer,-n,number,Noun,f,Können Sie mir Ihre Nummer geben?,Can you give me your number?
531,nur,,only,Verb,,Ich möchte nur ein Glas Wasser.,I only want a glass of water.
532,oben,,upstairs,Verb,,Ich wohne oben.,I live upstairs.
533,das Obst,,fruit,Noun,n,Im Sommer ist das Obst billig.,In summer fruit is cheap.
534,oder,,or,Verb,,Wann können Sie kommen – heute oder morgen?,When can you come – today or tomorrow?
535,öffnen,,to open,Verb,,Ich öffne die Tür.,I open the door.
536,geöffnet,,open,Verb,,Der Laden ist samstags bis 16:00 Uhr geöffnet.,The shop is open until 4 pm on Saturdays.
537,oft,,often,Verb,,Petra treffe ich oft.,I often meet Petra.
538,ohne,,without,Verb,,Ohne Geld kann er nichts kaufen.,Without money he can’t buy anything.
539,das Öl,,oil,Noun,n,Den Salat machen wir ohne Öl.,We make the salad without oil.
540,die Oma,-s,grandmother,Noun,f,Meine Oma ist schon tot.,My grandmother is already dead.
541,der Opa,-s,grandfather,Noun,m,Mein Opa heißt Hans.,My grandfather is called Hans.
542,die Ordnung,,…,Noun,f,Das ist in Ordnung.,That is in order/acceptable/fine.
543,der Ort,-e,location / place,Noun,m,Der Ort liegt am Meer.,That place is by the sea.
544,das Papier,,paper,Noun,n,Hier sind Papier und Bleistift.,Here is a pencil and paper.
545,die Papiere (pl.),,papers,Noun,f,Haben Sie Ihre Papiere dabei?,Do you have your papers with you?
546,der Partner,-/,(male) partner,Noun,m,Er is mein Partner.,He is my partner.
547,die Partnerin,-nen,(female) partner,Noun,f,Sie ist meine Partnerin.,She is my partner.
548,die Party,,party,Noun,f,Heute Abend machen wir eine Party.,This evening we are having a party.
549,der Pass,"-ä, e",passport,Noun,m,Im Hotel brauchst du deinen Pass.,In the hotel you need your passport.
550,die Pause,-n,break,Noun,f,Von 12:00 bis 12:30 Uhr haben wir Mittagspause.,From 12 until 12:30 pm we have a lunch break.
551,der Plan,"-ä, e",map / plan,Noun,m,Ich kaufe mir einen Stadtplan.,I will buy myself a map of the town.
552,der Platz,"-ä, e",seat,Noun,m,"Tut mir leid, der Platz ist besetzt.","I’m sorry, this seat is taken."
553,der Platz,"-ä, e",seat,Noun,m,Bitte nehmen Sie Platz!,Please take a seat!
554,der Platz,"-ä, e",square,Noun,m,Ich wohne neben dem Platz.,I live next to the square.
555,die Polizei,,police,Noun,f,Holen Sie die Polizei!,Fetch the police!
556,die Pommes frites (pl.),,chips,Noun,f,Die Kinder essen Hähnchen mit Pommes frites.,The children are eating chicken and chips.
557,die Post,,post office,Noun,f,"Wo ist die Post, bitte?","Where is the post office, please?"
558,die Post,,post / mail,Noun,f,Ist Post da?,Is there post?
559,die Postleitzahl,,postcode,Noun,f,Wie ist Ihre Postleitzahl?,What is your postcode?
560,das Praktikum,,internship,Noun,n,Ich mache ein Praktikum bei Siemens.,I am doing an internship at Siemens.
561,die Praxis,,practice,Noun,f,Die Praxis ist ab acht Uhr geöffnet.,The practice is open from 8 am.
562,der Preis,-e,price,Noun,m,Die Preise sind hoch.,The prices are high.
563,das Problem,-e,problem,Noun,n,Mein Problem ist die Sprache.,My problem is the language.
564,der Prospekt,-e,brochure,Noun,m,Bitte schicken Sie mir einen Prospekt von Ihrem Hotel.,Please send me a brochure for your hotel.
565,die Prüfung,,examination,Noun,f,Die Prüfung ist am Montag um 8:00 Uhr.,The exam is on Monday at 8 am.
566,pünktlich,,sharp,Verb,,Der Bus fährt pünktlich um acht Uhr.,The bus leaves at 8 am sharp.
567,pünktlich,,punctual,Verb,,Herr Müller ist immer pünktlich.,Mr Müller is always punctual.
568,Rad fahren,,to cycle,Adjective,,Das Kind kann schon Rad fahren.,The child can already ride a bike.
569,rauchen,,to smoke,Verb,,Ich rauche nicht.,I don’t smoke.
570,der Raum,"-ä, e",room,Noun,m,Der Unterricht ist in Raum 332.,The class is in room 332.
571,die Rechnung,-en,bill,Noun,f,"Die Rechnung, bitte.","The bill, please."
572,rechts,,right,Verb,,Die Schillerstraße ist hier rechts.,Schillerstraße is on the right here.
573,regnen,,to rain,Verb,,Heute regnet es.,Today it’s raining.
574,der Regen,,rain,Noun,m,Bei diesem Regen gehe ich nicht raus.,I’m not going out in this rain.
575,der Reis,,rice,Noun,m,Ich esse gern Reis.,I like eating rice.
576,reisen,,to travel,Verb,,Ich reise gern.,I like to travel.
577,die Reise,,journey / trip,Noun,f,Wir machen eine Reise nach Österreich.,We are going on a trip to Austria.
578,das Reisebüro,-s,travel agency,Noun,n,Mein Mann arbeitet im Reisebüro.,My husband works at a travel agency.
579,der Reiseführer,,travel guide,Noun,m,Ich kaufe mir einen Reiseführer von Berlin.,I will buy myself a travel guide for Berlin.
580,der Reiseführer,,tour guide,Noun,m,Unser Reiseführer heißt Peter.,Our tour guide is called Peter.
581,reparieren,,to repair,Verb,,Er hat das Fahrrad repariert.,He repaired the bicycle.
582,die Reparatur,,repair,Noun,f,Die Reparatur ist sehr teuer.,The repair is very expensive.
583,das Restaurant,-s,restaurant,Noun,n,Wir essen heute in einem Restaurant.,We are eating at a restaurant today.
584,die Rezeption,,reception,Noun,f,Fragen Sie bitte im Hotel an der Rezeption.,Please ask at the hotel reception.
585,richtig,,correct,Verb,,Habe ich das richtig verstanden?,Have I understood that correctly?
586,richtig,,right / correct,Verb,,Das ist richtig.,That's right.
587,riechen,,to smell,Verb,,Dieser Wein riecht gut.,This wine smells good.
588,ruhig,,quiet,Verb,,Ich möchte ein ruhiges Zimmer.,I would like a quiet room.
589,der Saft,,juice,Noun,m,Möchtest du einen Apfelsaft?,Would you like an apple juice?
590,sagen,,to say / tell,Verb,,"Sag mal, wie geht es dir denn?","Tell me, how’s it going?"
591,der Salat,,salad,Noun,m,Wie schmeckt dir der Salat?,How does the salad taste?
592,das Salz,,salt,Noun,n,"Entschuldigung, kann ich bitte das Salz haben?","Excuse me, can I have the salt please?"
593,der Satz,"-ä, e",sentence,Noun,m,Dieser Satz ist sehr einfach.,This sentence is very simple.
594,die S-Bahn,,commuter train,Noun,f,Ich nehme lieber die S-Bahn.,I prefer to take the commuter train.
595,der Schalter,,counter,Noun,m,Gehen Sie bitte zum Schalter drei!,Please go to counter 3!
596,scheinen,,to shine,Verb,,Die Sonne scheint.,The sun is shining.
597,schicken,,to send,Verb,,Bitte schicken Sie mir eine E-Mail.,Please send me an email.
598,das Schild,-er,sign,Noun,n,Haben Sie nicht das Schild gesehen?,Did you not see the sign?
599,der Schinken,–,ham,Noun,m,Ich möchte gern ein Schinkenbrot.,I would like a ham roll.
600,schlafen,,to sleep,Verb,,Ich schlafe meistens acht Stunden.,I usually sleep for eight hours.
601,schlecht,,sick,Verb,,Mir ist schlecht!,I am sick.
602,schlecht,,bad,Verb,,Sie sehen schlecht aus.,You look bad.
603,schlecht,,bad,Verb,,Wir haben schlechtes Wetter.,We have bad weather.
604,schließen,,to close,Verb,,"Bitte, schließen Sie die Tür.",Please close the door.
605,geschlossen,,closed,Verb,,Die Bank hat am Samstag geschlossen.,The bank is closed on Saturday.
606,der Schluss,,…,Noun,m,Ich muss jetzt Schluss machen.,I need to finish/wrap up now.
607,der Schluss,,end,Noun,m,Zum Schluss gibt er uns allen die Hand.,"At the end, he shakes everyone’s hand."
608,der Schlüssel,–,key,Noun,m,Ich gebe Ihnen noch den Zimmerschlüssel.,I’ll give you the room key as well.
609,schmecken,,to taste,Verb,,Schmeckt das gut?,Does that taste good?
610,schnell,,quick / fast,Verb,,Er fährt schnell.,He drives fast.
611,schon,,already,Verb,,Ist das Essen schon fertig?,Is the food done already?
612,schön,,lovely,Verb,,Schönen Urlaub!,Have a lovely holiday!
613,schön,,beautiful,Verb,,Das ist sehr schön.,That is very beautiful.
614,der Schrank,"-ä, e",cupboard,Noun,m,Die Gläser stehen im Schrank.,The glasses are in the cupboard.
615,schreiben,,to write,Verb,,Er schreibt jeden Tag fünfzig E-Mails.,He writes fifty emails a day.
616,der Schuh,-e,shoe,Noun,m,Zieh die Schuhe aus!,Take your shoes off!
617,die Schule,,school,Noun,f,Meine Tochter geht schon in die Schule.,My daughter is already going to school.
618,die Schule,,school,Noun,f,Die Schule ist gleich hier um die Ecke.,The school is right around the corner.
619,der Schüler,–,pupil,Noun,m,In meinem Kurs sind acht Schülerinnen und fünf Schüler.,In my course there are 7 female pupils and 5 male pupils.
620,schwer,,heavy,Verb,,Ist Ihr Gepäck sehr schwer?,Is your luggage very heavy?
621,schwer,,difficult,Verb,,Das ist eine schwere Arbeit.,That is a very difficult job.
622,die Schwester,-n,sister,Noun,f,Meine Schwester kommt am Dienstag.,My sister is coming on Tuesday.
623,schwimmen,,to swim,Verb,,Ich schwimme jeden Tag einen Kilometer.,I swim a kilometre every day.
624,das Schwimmbad,,swimming pool,Noun,n,Kommst du mit ins Schwimmbad?,Are you coming to the swimming pool with us?
625,der See,,lake,Noun,m,"Komm, wir fahren zum Starnberger See.","Come, we’re going to Starnberg lake."
626,sehen,,to see,Verb,,Ich kann dich nicht sehen.,I can’t see you.
627,sehen,,to see,Verb,,Ich habe diesen Jungen schon einmal gesehen.,I have seen this boy before.
628,die Sehenswürdigkeit,-en,sights/attractions,Noun,f,Welche Sehenswürdigkeiten gibt es in Frankfurt?,Which sights are there to see in Frankfurt?
629,sehr,,very,Verb,,Danke sehr!,Thank you very much!
630,sehr,,very,Verb,,Das ist sehr schwer.,That is very heavy.
631,sein,,his,Verb,,Herr Müller ist in seinem Zimmer.,Mr Müller is in his room.
632,sein,,to be,Verb,,Mir ist kalt.,I'm cold.
633,sein,,to be,Verb,,Ich bin dreiundzwanzig.,I am twenty three.
634,an sein,,to be on,Verb,,Das Licht ist noch an.,The light is still on.
635,auf sein,,to be open,Verb,,Das Fenster ist noch auf.,The window is still open.
636,weg sein,,to be gone,Verb,,Herr Meier ist schon weg.,Mr Meier is already gone.
637,zu sein,,to be closed,Verb,,Die Tür ist zu.,The door is closed.
638,seit,,for (an amount of time),Verb,,Ich wohne seit drei Jahren in Köln.,I have lived in Cologne for three years.
639,selbstständig,,independent,Verb,,Er ist selbstständig.,He is independent.
640,sich,,yourself,Verb,,Sie müssen sich erst anmelden.,You must register yourself first.
641,sie,,she,Verb,,Wie heißt sie?,What is she called?
642,Sie,,you (polite),Adjective,,"Wie heißen Sie, bitte?","What is your name, please?"
643,sitzen,,to sit,Verb,,Wo sitzen Sie?,Where are you sitting?
644,so,,like this,Verb,,Sie müssen das so machen!,You must do it like this!
645,so,,so,Verb,,Fahren Sie bitte nicht so schnell!,Please don’t drive so fast!
646,so,,as,Verb,,Meine Frau ist so groß wie ich.,My wife is as tall as me.
647,so,,so,Verb,,"So, das war's/wär's!","So, that's it!"
648,das Sofa,,sofa,Noun,n,Das Sofa ist neu.,The sofa is new.
649,sofort,,immediately,Verb,,Bitte antworten Sie sofort.,Please answer immediately.
650,der Sohn,"-ö, e",son,Noun,m,"Das ist Hans, mein Sohn.","That is Hans, my son."
651,sollen,,should,Verb,,Soll ich kommen?,Should I come?
652,sollen,,should,Verb,,Was soll ich mitbringen?,What should I bring with me?
653,die Sonne,,sun,Noun,f,Die Sonne scheint.,The sun is shining.
654,spät,,late,Verb,,"Es ist schon spät, ich muss gehen.","It is already late, I need to go."
655,später,,later,Verb,,Das können wir später machen.,We can do that later.
656,die Speisekarte,,menu,Noun,f,"Bringen Sie mir die Speisekarte, bitte.","Bring me the menu, please."
657,spielen,,to play,Verb,,Die Kinder spielen draußen.,The children are playing outside.
658,spielen,,to play,Verb,,Spielen Sie Karten?,Do you play cards?
659,der Sport,,sport,Noun,m,Ich mache viel Sport.,I do a lot of sport.
660,die Sprache,-n,language,Noun,f,Welche Sprachen sprichst du?,Which languages do you speak?
661,sprechen,,to speak,Verb,,Kann ich (mit) Herrn Klein sprechen?,Can I speak with Mr Klein?
662,die Stadt,"-ä, e",town / city,Noun,f,Heidelberg ist eine alte Stadt.,Heidelberg is an old town.
663,stehen,,to be (written),Verb,,"Ich glaube es nicht, aber es steht in der Zeitung.","I don’t believe it, but it says so in the paper."
664,stehen,,to be (located),Verb,,Der Bus steht schon an der Haltestelle.,The bus is already at the stop.
665,die Stelle,-n,job / position,Noun,f,Ich habe eine neue Stelle.,I have a new job.
666,stellen,,to put,Verb,,Stell die Tasche rechts in die Ecke!,Put your bag on the right in the corner.
667,der Stock,,floor (of a building),Noun,m,Unsere Wohnung liegt im ersten Stock.,Our flat is on the first floor.
668,die Straße,-n,street,Noun,f,In welcher Straße wohnen Sie?,Which street do you live on?
669,die Straßenbahn,,tram,Noun,f,Wo fährt die Straßenbahn ab?,From where does the tram depart?
670,studieren,,to study,Verb,,Ich studiere in Mainz.,I study in Mainz.
671,das Studium,,degree course,Noun,n,Das Studium beginnt im Oktober.,The degree course begins in October.
672,der Student,-en,student,Noun,m,Ich bin Studentin.,I am a student.
673,die Stunde,-n,hour,Noun,f,Ich bin in einer Stunde zurück.,I will be back in an hour.
674,suchen,,to look / search for,Verb,,Suchst du etwas?,Are you looking for something?
675,tanzen,,to dance,Verb,,Tanzen Sie gern?,Do you like to dance?
676,die Tasche,-n,bag,Noun,f,Ich habe die Schlüssel in der Tasche.,I have the key in the bag.
677,das Taxi,-s,taxi,Noun,n,Es gibt heute keinen Bus mehr. Er fährt mit dem Taxi.,There are no more buses today. He is travelling by taxi.
678,der Tee,,tea,Noun,m,Ich trinke morgens immer Tee.,I always drink tea in the morning.
679,der Teil,-e,part,Noun,m,Lies bitte auch den zweiten Teil.,Please also read the second part.
680,telefonieren,,to telephone,Verb,,Darf ich mal telefonieren?,May I make a phone call?
681,das Telefon,,telephone,Noun,n,Haben Sie ein Telefon?,Do you have a telephone?
682,der Termin,-e,appointment,Noun,m,Am besten machen wir sofort einen Termin.,It's best to make an appointment immediately.
683,der Test,,test,Noun,m,Der Test war einfach.,The test was simple.
684,teuer,,expensive,Verb,,Das ist mir zu teuer.,That is too expensive for me.
685,der Text,-e,text,Noun,m,Lesen Sie bitte diesen Text.,Please read this text.
686,das Thema,,topic,Noun,n,Wir sprechen heute über das Thema „Essen und Trinken“.,Today we are talking about the topic “Food and Drink”.
687,das Ticket,-s,ticket,Noun,n,Wie viel kostet das Ticket?,How much does the ticket cost?
688,der Tisch,-e,table,Noun,m,Die Fotos liegen auf dem Tisch.,The photos are on the table.
689,die Tochter,-ö,daughter,Noun,f,Das ist meine Tochter Katharina.,That is my daughter Katharina.
690,die Toilette,-en,toilet,Noun,f,"Wo ist die Toilette, bitte?","Where is the toilet, please?"
691,die Tomate,-n,tomato,Noun,f,Die Tomate ist noch grün.,The tomato is still green.
692,tot,,dead,Verb,,Sein Vater ist schon lange tot.,His father has been dead for a long time.
693,(sich) treffen,,to meet,Verb,,Ich treffe in der Stadt einen Kollegen.,I am meeting a colleague in town.
694,(sich) treffen,,to meet,Verb,,Wir treffen uns immer freitags.,We always meet on Fridays.
695,die Treppe,-n,stairs,Noun,f,Die Toilette? Die Treppe hoch und dann links.,The toilet? Up the stairs and then left.
696,trinken,,to drink,Verb,,Möchtest du etwas trinken?,Would you like something to drink?
697,tschüss,,...,Verb,,Junge Leute sagen meistens „tschüss!“ und nicht „auf Wiedersehen“.,Young people mostly say “tschüss!” and not “auf Wiedersehen”.
698,tun,,to do,Verb,,Ich habe noch etwas zu tun.,I still have something to do.
699,tun,,to do,Verb,,Was tut Ihr Mann?,What does your husband do?
700,über,,across,Verb,,Gehen Sie hier über die Straße.,Go across the street here.
701,über,,above,Verb,,Er wohnt im zweiten Stock über Familie Meier.,He lives on the second floor above the Meier family.
702,über,,over,Verb,,Sind Sie über 18?,Are you over 18?
703,übernachten,,to stay overnight,Verb,,Du kannst bei mir übernachten.,You can stay at mine overnight.
704,überweisen,,to transfer,Verb,,Sie können das Geld auch überweisen.,You can also transfer the money.
705,die Uhr,,o'clock / am / pm,Noun,f,Es ist vier Uhr.,It is four o’clock.
706,um,,at,Verb,,Er kommt um sieben Uhr.,He is coming at seven o’clock.
707,um,,around,Verb,,Da kommt er gerade um die Ecke.,Here he comes around the corner now.
708,umziehen,,to move (residence),Verb,,Nächsten Monat ziehen wir um.,Next month we are moving.
709,und,,and,Verb,,Peter und Helmut sind meine Söhne.,Peter and Helmut are my sons.
710,unser-,,our,Verb,,Das ist unsere Lehrerin.,That is our teacher.
711,unten,,at the bottom,Verb,,Er wohnt ganz unten im Haus.,He lives right at the bottom of the house.
712,unter,,below,Verb,,Unter uns wohnt eine Familie mit drei Kindern.,Below us lives a family with three children.
713,der Unterricht,,class,Noun,m,Wir haben Unterricht von 8:00 bis 12:00 Uhr.,We have classes from 8 am until 12 pm.
714,unterschreiben,,to sign,Verb,,Wo muss ich unterschreiben?,Where do I need to sign?
715,die Unterschrift,,signature,Noun,f,Hier fehlt noch Ihre Unterschrift.,Your signature is missing here.
716,der Urlaub,,holiday,Noun,m,Ich nehme im September Urlaub.,I’m taking holiday in September.
717,der Vater,-ä,father,Noun,m,Mein Vater ist Arbeiter.,My father is a worker.
718,verboten,,forbidden,Verb,,Hier ist Rauchen verboten.,Smoking is forbidden here.
719,verdienen,,to earn,Verb,,Ich verdiene 1.500 Euro im Monat.,"I earn 1,500 euros per month."
720,der Verein,,club,Noun,m,Es gibt einen neuen Sportverein in der Stadt.,There is a new sports club in the town.
721,verheiratet,,married,Verb,,Ich bin verheiratet und habe drei Kinder.,I am married and have three children.
722,verkaufen,,to sell,Verb,,Er verkauft sein altes Auto.,He is selling his old car.
723,der Verkäufer,–,salesperson,Noun,m,Meine Mutter ist Verkäuferin im Kaufhaus.,My mother is a saleswoman in a department store.
724,vermieten,,to rent out,Verb,,Die Wohnung ist schon vermietet.,The flat is already rented out.
725,der Vermieter,,landlord,Noun,m,Unser Vermieter heißt Huber. Er wohnt auch hier.,"Out landlord is called Huber. He lives here, too."
726,verstehen,,to understand,Verb,,Können Sie mich verstehen?,Can you understand me?
727,der Verwandte,-n,relative,Noun,m,Peter besucht seine Verwandten in Polen.,Peter visits his relatives in Poland.
728,viel,,a lot,Verb,,Hier regnet es viel.,It rains a lot here.
729,vielleicht,,perhaps / may(be),Verb,,Ich komme vielleicht mit dem Bus.,I may come by bus.
730,von,,"of (possessive “s"")",Verb,,Das Auto von Felix ist kaputt.,Felix’s car is broken.
731,von,,from,Verb,,Er kommt gerade von Köln/von zu Hause.,He’s coming from Cologne/home now.
732,vor,,ago,Verb,,Der Termin war vor einer Stunde.,The appointment was an hour ago.
733,vor,,in front of,Verb,,Das Auto steht vor der Tür.,The car is in front of the door.
734,der Vorname,-n,first name,Noun,m,"Ich heiße Müller, mein Vorname ist Eva.","I’m called Müller, my first name is Eva."
735,die Vorsicht,,…,Noun,f,Vorsicht! Da kommt ein Auto.,Careful! There’s a car coming.
736,die Vorsicht,,attention,Noun,f,Er arbeitet mit Vorsicht.,He works with caution.
737,(sich) vorstellen,,to introduce,Verb,,Wir wollen uns kennenlernen. Können Sie sich bitte vorstellen?,We would like to get to know each other. Can you introduce yourself?
738,die Vorwahl,,area code,Noun,f,Wie ist die Vorwahl von München?,What is the area code for Munich?
739,wandern,,to hike,Verb,,Wir wandern um den Chiemsee.,We are hiking around the Chiem lake.
740,wann,,when,Verb,,Wann bist du fertig?,When will you be finished?
741,wann,,when,Verb,,Wann kann ich Sie anrufen?,When can I call you?
742,wann,,when,Verb,,Wann sind Sie geboren?,When were you born?
743,warten,,to wait,Verb,,Können Sie ein paar Minuten warten?,Can you wait a few minutes?
744,warten,,to wait,Verb,,Auf wen warten Sie?,Who are you waiting for?
745,warum,,why,Verb,,Warum kommt er nicht?,Why isn’t he coming?
746,was,,what,Verb,,Was ist das?,What is that?
747,was,,what,Verb,,Was möchten Sie?,What would you like?
748,was für ein,,what kind of,Verb,,Was für eine Farbe möchten Sie?,What colour would you like?
749,(sich) waschen,,to wash,Verb,,Wo kann ich mir die Hände waschen?,Where can I wash my hands?
750,(sich) waschen,,to wash,Verb,,Ich muss morgen waschen.,I need to do laundry tomorrow.
751,das Wasser,,water,Noun,n,"Ein Glas Wasser, bitte.","A glass of water, please."
752,weh tun,,to hurt,Verb,,Ich muss zum Arzt. Mein Bein tut weh.,I need to go to the doctor. My leg hurts.
753,weiblich,,female,Verb,,Kreuzen Sie bitte an: „weiblich“ oder „männlich“.,Please tick “female” or “male”.
754,der Wein,,wine,Noun,m,"Nein danke, ich möchte keinen Wein.","No thank you, I don’t want any wine."
755,weit,,far,Verb,,Zum Bahnhof ist es nicht weit.,It is not far to the station.
756,weiter,,further,Verb,,Der Bus fährt nicht weiter.,The bus doesn’t go any further.
757,welch-,,which,Verb,,Welches Buch möchtest du?,Which book would you like?
758,die Welt,,world,Noun,f,Es gibt viele Probleme auf der Welt.,There are many problems in the world.
759,wenig,,little / not very much,Verb,,Ich habe leider nur wenig verstanden.,Unfortunately I didn't understand very much.
760,wenig,,little,Verb,,Er verdient wenig.,He earns little.
761,wer,,who,Verb,,Wer ist das?,Who is that?
762,werden,,to become,Verb,,Mein Sohn will Arzt werden.,My son wants to become a doctor.
763,das Wetter,,weather,Noun,n,Wir hatten schlechtes Wetter.,We had bad weather.
764,wichtig,,important,Verb,,Dieses Formular ist sehr wichtig.,This form is very important.
765,wie,,what,Verb,,Wie heißt du?,What are you called?
766,wie,,like,Verb,,Er schreibt wie ein Kind.,He writes like a child.
767,wie,,as,Verb,,Meine Frau ist so groß wie ich.,My wife is as tall as me.
768,wie,,how,Verb,,Wie soll ich das machen?,How should I do that?
769,wie,,how,Verb,,Wie groß ist die Wohnung?,How big is the flat?
770,wie,,…,Verb,,Wie bitte?,Pardon?
771,wie,,how,Verb,,Wie lange bist du schon hier?,How long have you been here already?
772,wiederholen,,to repeat,Verb,,Können Sie das bitte wiederholen?,"Can you repeat that, please?"
773,das Wiederhören,,…,Noun,n,Auf Wiederhören!,Goodbye!
774,das Wiedersehen,,…,Noun,n,Auf Wiedersehen!,Goodbye!
775,wie viel,,how much,Verb,,Wie viel Milch nehmen Sie?,How much milk do you take?
776,willkommen,,…,Verb,,Herzlich willkommen!,Welcome!
777,der Wind,,wind,Noun,m,Der Wind kommt aus Osten.,The wind is coming from the east.
778,wir,,we,Verb,,Wir lernen Deutsch.,We are learning German.
779,wissen,,to know,Verb,,"Weißt du, wie er heißt?",Do you know what he is called?
780,wo,,where,Verb,,Wo waren Sie im Urlaub?,Where were you on holiday?
781,wo,,where,Verb,,Wo ist die Post?,Where is the post office?
782,wo,,where,Verb,,Wo sind Sie geboren?,Where were you born?
783,woher,,from where,Verb,,Woher kommen Sie?,Where do you come from?
784,wohin,,to where,Verb,,Wohin fährt dieser Bus?,Where does this bus go?
785,wohin,,to where,Verb,,Wohin wollen Sie am Wochenende?,Where do you want to go this weekend?
786,wohnen,,to live,Verb,,Ich wohne in München.,I live in Munich.
787,die Wohnung,-en,flat,Noun,f,Seit wann haben Sie diese Wohnung?,How long have you had this flat?
788,wollen,,to want,Verb,,Wollen Sie einen Kaffee trinken?,Do you want to get a coffee?
789,das Wort,"-ö, er/-e",word,Noun,n,Ich kenne das Wort nicht.,I don’t know that word.
790,wunderbar,,wonderful,Verb,,Das Essen schmeckt wunderbar.,The food tastes wonderful.
791,zahlen,,to pay,Verb,,"Wir möchten zahlen, bitte!","We’d like to pay, please!"
792,die Zeit,,time,Noun,f,Ich habe heute keine Zeit.,I have no time today
793,zurzeit,,at the moment,Verb,,Zurzeit habe ich sehr viel zu tun.,I have a lot to do at the moment.
794,die Zeitung,-en,newspaper,Noun,f,Ich lese gern Zeitung.,I like to read the newspaper.
795,die Zigarette,-n,cigarette,Noun,f,Wie teuer sind die Zigaretten?,How expensive are the cigarettes?
796,das Zimmer,–,room,Noun,n,Das Zimmer ist groß.,The room is large.
797,das Zimmer,–,room,Noun,n,"Öffne im Schlafzimmer das Fenster, bitte!","Open the window in the bedroom, please!"
798,das Zimmer,–,room,Noun,n,Die Wohnung hat drei Zimmer.,The flat has three rooms.
799,das Zimmer,–,room,Noun,n,Ich habe ein Zimmer bestellt.,I have booked a room.
800,der Zoll,,customs,Noun,m,Wir müssen noch durch den Zoll.,We still need to go through customs.
801,zu,,to,Verb,,Der Bus fährt zum Bahnhof.,The bus goes to the station.
802,zu,,by,Verb,,Ich gehe zu Fuß.,I will go by foot.
803,zu,,at,Verb,,Ich bin zu Hause.,I am at home.
804,zufrieden,,happy,Verb,,Ich bin mit der Wohnung zufrieden.,I am happy with the flat.
805,der Zug,"-ü, e",train,Noun,m,Ich fahre gern mit dem Zug.,I like to travel by train.
806,zurück,,return,Verb,,Einmal Frankfurt und zurück.,A return to Frankfurt.
807,zurück,,back,Verb,,Wann kommst du zurück?,When are you coming back?
808,zusammen,,together,Verb,,Sollen wir zusammen essen gehen?,Should we go out to eat together?
809,zusammen,,together,Verb,,Das macht zusammen 2 Euro 80.,Together that comes to 2 euros 80.
810,zwischen,,between,Verb,,Heidelberg liegt zwischen Frankfurt und Stuttgart.,Heidelberg is located between Frankfurt and Stuttgart.
811,zwischen,,between,Verb,,Zwischen 8 und 10 Uhr bin ich zu Hause.,I’m at home between 8 and 10 o’clock.
812,eins,,one,Verb,,,
813,zwei,,two,Verb,,,
814,drei,,three,Verb,,,
815,vier,,four,Verb,,,
816,fünf,,five,Verb,,,
817,sechs,,six,Verb,,,
818,sieben,,seven,Verb,,,
819,acht,,eight,Verb,,,
820,neun,,nine,Verb,,,
821,zehn,,ten,Verb,,,
822,elf,,eleven,Verb,,,
823,zwölf,,twelve,Verb,,,
824,dreizehn,,thirteen,Verb,,,
825,vierzehn,,fourteen,Verb,,,
826,fünfzehn,,fifteen,Verb,,,
827,sechzehn,,sixteen,Verb,,,
828,siebzehn,,seventeen,Verb,,,
829,achtzehn,,eighteen,Verb,,,
830,neunzehn,,nineteen,Verb,,,
831,zwanzig,,twenty,Verb,,,
832,einundzwanzig,,twenty one,Verb,,,
833,dreißig,,thirty,Verb,,,
834,vierzig,,fourty,Verb,,,
835,fünfzig,,fifty,Verb,,,
836,sechzig,,sixty,Verb,,,
837,siebzig,,seventy,Verb,,,
838,achtzig,,eighty,Verb,,,
839,neunzig,,ninety,Verb,,,
840,(ein)hundert,,(one) hundred,Verb,,,
841,hunderteins,,one hundred and one,Verb,,,
842,zweihundert,,two hundred,Verb,,,
843,(ein)tausend,,(one) thousand,Verb,,,
844,eine Million,-en,one million,Verb,,,
845,eine Milliarde,-en,one billion,Verb,,,
846,erste,,first,Verb,,,
847,zweite,,second,Verb,,,
848,dritte,,third,Verb,,,
849,vierte,,fourth,Verb,,,
850,null Uhr drei,,time: 00:03,Verb,,,
851,sieben Uhr fünfzehn,,time: 07:15,Verb,,,
852,dreizehn Uhr siebzehn,,time: 13:17,Verb,,,
853,vierundzwanzig Uhr,,time: 24:00,Verb,,,
854,die Sekunde,-n,second,Noun,f,,
855,die Minute,-n,minute,Noun,f,,
856,die Stunde,-n,hour,Noun,f,,
857,der Tag,-e,day,Noun,m,,
858,die Woche,-e,week,Noun,f,,
859,das Jahr,-e,year,Noun,n,,
860,ein Uhr,,one o'clock,Verb,,,
861,fünf Minuten vor/nach eins (ein Uhr),,five to/past one (one o’clock),Verb,,,
862,Viertel vor/nach zwei (zwei Uhr),,quarter to/past two (two o’clock),Verb,,,
863,halb drei,,half past two,Verb,,,
864,ein halb; halb,,one half; half,Verb,,,
865,ein Viertel; Viertel,,one quarter; quarter,Verb,,,
866,neunzehnhundertneunundneunzig,,nineteen ninety nine,Verb,,,
867,zweitausendvierzehn,,two thousand and fourteen,Verb,,,
868,der Wochentag,-e,weekday,Noun,m,,
869,der Sonntag,,Sunday,Noun,m,,
870,der Montag,,Monday,Noun,m,,
871,der Dienstag,,Tuesday,Noun,m,,
872,der Mittwoch,,Wednesday,Noun,m,,
873,der Donnerstag,,Thursday,Noun,m,,
874,der Freitag,,Friday,Noun,m,,
875,der Samstag/Sonnabend,,Saturday,Noun,m,,
876,das Wochenende,,weekend,Noun,n,,
877,am Wochenende,,at the weekend,Verb,,,
878,der Tag,,day,Noun,m,,
879,der Morgen,,morning,Noun,m,,
880,der Vormittag,-e,morning,Noun,m,,
881,der Mittag,,midday,Noun,m,,
882,der Nachmittag,-e,afternoon,Noun,m,,
883,der Abend,-e,evening,Noun,m,,
884,die Nacht,¨-e,night,Noun,f,,
885,der Januar,,January,Noun,m,,
886,der Februar,,February,Noun,m,,
887,der März,,March,Noun,m,,
888,der April,,April,Noun,m,,
889,der Mai,,May,Noun,m,,
890,der Juni,,June,Noun,m,,
891,der Juli,,July,Noun,m,,
892,der August,,August,Noun,m,,
893,der September,,September,Noun,m,,
894,der Oktober,,October,Noun,m,,
895,der November,,November,Noun,m,,
896,der Dezember,,December,Noun,m,,
897,der Frühling/das Frühjahr,,spring,Noun,m,,
898,der Sommer,,summer,Noun,m,,
899,der Herbst,,autumn,Noun,m,,
900,der Winter,,winter,Noun,m,,
901,ein Meter,,one metre,Verb,,,
902,ein Zentimeter,,one centimetre,Verb,,,
903,ein Meter fünfzehn,,one metre fifteen,Verb,,,
904,zweihundert Kilometer,,two hundred kilometres,Verb,,,
905,ein Quadratmeter,,one square metre,Verb,,,
906,ein Grad unter Null/minus ein Grad,,one degree below zero/minus one degree,Verb,,,
907,vier Grad über Null/plus vier Grad,,four degrees above zero/plus four degrees,Verb,,,
908,ein Prozent,,one percent,Verb,,,
909,ein Liter,,one litre,Verb,,,
910,ein Gramm,,one gram,Verb,,,
911,ein Pfund,,one pound,Verb,,,
912,ein Kilo(gramm),,one kilo(gram),Verb,,,
913,schwarz,,black,Verb,,,
914,grau,,grey,Verb,,,
915,blau,,blue,Verb,,,
916,grün,,green,Verb,,,
917,weiß,,white,Verb,,,
918,rot,,red,Verb,,,
919,gelb,,yellow,Verb,,,
920,braun,,brown,Verb,,,
921,der Norden,,north,Noun,m,,
922,der Süden,,south,Noun,m,,
923,der Westen,,west,Noun,m,,
924,der Osten,,east,Noun,m,,
925,(sich) waschen,,to wash,Verb,,Ich wasche mich morgens.,I wash in the morning.
926,die Nummer,-n,number,Noun,f,Sie haben Zimmer Nummer zwölf.,You have room number twelve.
